<?xml version="1.0" encoding="UTF-8" standalone="no"?>
<!--
    Licensed Materials - Property of IBM
    5725-I43 (C) Copyright IBM Corp. 2011, 2013. All Rights Reserved.
    US Government Users Restricted Rights - Use, duplication or
    disclosure restricted by GSA ADP Schedule Contract with IBM Corp.
--><ns2:adapter xmlns:ns2="http://www.ibm.com/mfp/integration" name="trendsadapter" platformVersion="7.1.0.00.20161006-0540">
    <displayName>trendsadapter</displayName>
    <description>trendsadapter</description>
    <connectivity>
        <connectionPolicy xmlns:ns4="http://www.ibm.com/mfp/integration/http" xmlns:xsi="http://www.w3.org/2001/XMLSchema-instance" xsi:type="ns4:HTTPConnectionPolicyType">
            <protocol>http</protocol>
            <domain>192.168.43.9</domain>
            <port>80</port>
            <connectionTimeoutInMilliseconds>30000</connectionTimeoutInMilliseconds>
            <socketTimeoutInMilliseconds>30000</socketTimeoutInMilliseconds>
            <maxConcurrentConnectionsPerNode>50</maxConcurrentConnectionsPerNode>
        </connectionPolicy>
    </connectivity>
    <procedure name="getWoeid"/>
    <procedure name="getTrends"/>
</ns2:adapter>

<!-- Built by Worklight on machine Nilakshi on 2018-03-21 at 08:46:45 -->